fecha,temperatura,humedad,presion,vel_viento,dir_viento,dir_viento_2
2022-07-24T23:25:08Z,12.4,102,1017,17.9,121,ESE
2022-07-24T23:20:10Z,12.4,103,1017.1,17.1,125,SE
2022-07-24T23:15:08Z,12.4,103,1017.1,16.9,123,ESE
2022-07-24T23:10:10Z,12.4,103,1017,16.1,124,SE
2022-07-24T23:05:08Z,12.4,103,1016.9,15.6,122,ESE
2022-07-24T23:00:10Z,12.4,103,1016.9,16.1,121,ESE
2022-07-24T22:55:08Z,12.3,103,1016.8,15.7,120,ESE
2022-07-24T22:50:10Z,12.3,103,1016.7,15.7,118,ESE
2022-07-24T22:45:08Z,12.3,103,1016.5,17.7,117,ESE
2022-07-24T22:40:10Z,12.3,103,1016.3,18.9,113,ESE
2022-07-24T22:35:08Z,12.3,103,1016.2,20,108,ESE
2022-07-24T22:30:10Z,12.3,103,1016.1,18.3,104,ESE
2022-07-24T22:25:08Z,12.3,103,1016,19.4,102,ESE
2022-07-24T22:20:10Z,12.3,103,1016,18.9,99,E
2022-07-24T22:15:08Z,12.3,103,1016,19.8,105,ESE
2022-07-24T22:10:10Z,12.3,103,1016,16.9,104,ESE
2022-07-24T22:05:08Z,12.2,103,1016,17.9,106,ESE
2022-07-24T22:00:10Z,12.2,103,1015.9,20,109,ESE
2022-07-24T21:55:08Z,12.2,103,1015.9,20,110,ESE
2022-07-24T21:50:10Z,12.2,103,1015.8,19.6,110,ESE
2022-07-24T21:45:08Z,12.2,103,1015.8,19,110,ESE
2022-07-24T21:40:10Z,12.2,103,1015.8,20,110,ESE
2022-07-24T21:35:08Z,12.2,103,1015.7,19.8,110,ESE
2022-07-24T21:30:10Z,12.2,103,1015.7,22.2,113,ESE
2022-07-24T21:25:08Z,12.1,103,1015.8,20.4,116,ESE
2022-07-24T21:20:10Z,12.1,103,1015.7,21,116,ESE
2022-07-24T21:15:08Z,12.1,103,1015.7,19.2,116,ESE
2022-07-24T21:10:10Z,12.1,103,1015.9,20,118,ESE
2022-07-24T21:05:08Z,12.1,103,1015.9,18.9,115,ESE
2022-07-24T21:00:10Z,12.1,103,1015.8,19.6,118,ESE
2022-07-24T20:55:08Z,12.1,103,1015.7,19.2,117,ESE
2022-07-24T20:50:10Z,12.1,103,1015.6,19.2,117,ESE
2022-07-24T20:45:08Z,12.1,103,1015.5,20.2,116,ESE
2022-07-24T20:40:10Z,12.2,103,1015.4,19.8,116,ESE
2022-07-24T20:35:08Z,12.2,103,1015.4,18.9,116,ESE
2022-07-24T20:30:10Z,12.1,103,1015.3,18.1,116,ESE
2022-07-24T20:25:08Z,12.1,103,1015.2,18.7,116,ESE
2022-07-24T20:20:10Z,12.1,103,1015.2,20,114,ESE
2022-07-24T20:15:08Z,12.1,103,1015.2,18.9,111,ESE
2022-07-24T20:10:10Z,12.1,103,1015.1,20.2,108,ESE
2022-07-24T20:05:08Z,12.1,103,1015,20,109,ESE
2022-07-24T20:00:10Z,12.1,103,1015,19.6,109,ESE
2022-07-24T19:55:08Z,12.1,103,1015,20.4,110,ESE
2022-07-24T19:50:10Z,12.1,103,1015,21.2,110,ESE
2022-07-24T19:45:08Z,12.1,103,1014.9,19,110,ESE
2022-07-24T19:40:10Z,12.1,103,1014.8,20.6,108,ESE
2022-07-24T19:35:08Z,12.1,103,1014.8,20.6,103,ESE
2022-07-24T19:30:10Z,12.1,103,1014.7,19.8,105,ESE
2022-07-24T19:25:08Z,12.1,103,1014.7,19,104,ESE
2022-07-24T19:20:10Z,12.1,103,1014.8,19.2,105,ESE
2022-07-24T19:15:08Z,12,103,1014.8,19.8,104,ESE
2022-07-24T19:10:10Z,12,103,1014.7,19.4,103,ESE
2022-07-24T19:05:08Z,12.1,103,1014.7,20.4,99,E
2022-07-24T19:00:10Z,12.1,103,1014.7,19.8,98,E
2022-07-24T18:55:08Z,12,103,1014.7,20.4,102,ESE
2022-07-24T18:50:10Z,12.1,103,1014.7,22.7,103,ESE
2022-07-24T18:45:08Z,12.1,103,1014.7,22.5,100,E
2022-07-24T18:40:10Z,12.1,103,1014.8,21.2,96,E
2022-07-24T18:35:08Z,12.2,103,1014.8,18.9,96,E
2022-07-24T18:30:10Z,12.1,103,1014.8,21,99,E
2022-07-24T18:25:08Z,12.1,103,1014.7,22.2,100,E
2022-07-24T18:20:10Z,12.2,103,1014.6,22,99,E
2022-07-24T18:15:08Z,12.2,103,1014.7,22.4,100,E
2022-07-24T18:10:10Z,12.2,103,1014.7,22,101,E
2022-07-24T18:05:08Z,12.2,103,1014.8,22.5,104,ESE
2022-07-24T18:00:10Z,12.2,103,1014.9,21.6,104,ESE
2022-07-24T17:55:08Z,12.2,103,1014.9,20.8,106,ESE
2022-07-24T17:50:10Z,12.2,103,1015,21.2,108,ESE
2022-07-24T17:45:08Z,12.2,103,1015.2,22.2,110,ESE
2022-07-24T17:40:10Z,12.2,103,1015.3,22.2,111,ESE
2022-07-24T17:35:08Z,12.2,103,1015.4,22.4,114,ESE
2022-07-24T17:30:10Z,12.2,103,1015.5,22,114,ESE
2022-07-24T17:25:08Z,12.2,103,1015.5,23.1,114,ESE
2022-07-24T17:20:10Z,12.3,103,1015.6,21.6,117,ESE
2022-07-24T17:15:08Z,12.3,103,1015.6,22.2,117,ESE
2022-07-24T17:10:10Z,12.3,103,1015.5,21.8,115,ESE
2022-07-24T17:05:08Z,12.2,103,1015.5,23.3,114,ESE
2022-07-24T17:00:10Z,12.2,103,1015.5,22,116,ESE
2022-07-24T16:55:08Z,12.2,103,1015.6,23.1,116,ESE
2022-07-24T16:50:10Z,12.2,103,1015.7,22.9,118,ESE
2022-07-24T16:45:08Z,12.2,103,1015.8,22.9,119,ESE
2022-07-24T16:40:10Z,12.2,103,1015.8,22.2,117,ESE
2022-07-24T16:35:08Z,12.2,103,1015.7,22.2,117,ESE
2022-07-24T16:30:10Z,12.2,103,1015.6,22.4,116,ESE
2022-07-24T16:25:08Z,12.2,103,1015.6,24.3,115,ESE
2022-07-24T16:20:10Z,12.2,103,1015.7,22.9,117,ESE
2022-07-24T16:15:08Z,12.3,103,1015.8,22.9,122,ESE
2022-07-24T16:10:10Z,12.4,103,1015.9,19.8,124,SE
2022-07-24T16:05:08Z,12.4,103,1016,20.8,127,SE
2022-07-24T16:00:10Z,12.4,103,1016.1,21.8,127,SE
2022-07-24T15:55:08Z,12.4,103,1016.1,21.2,125,SE
2022-07-24T15:50:10Z,12.5,103,1016.1,21.8,125,SE
2022-07-24T15:45:08Z,12.5,103,1016.2,23.3,123,ESE
2022-07-24T15:40:10Z,12.5,103,1016.2,24.1,125,SE
2022-07-24T15:35:08Z,12.5,103,1016.3,22.2,129,SE
2022-07-24T15:30:10Z,12.5,103,1016.3,23.7,124,SE
2022-07-24T15:25:08Z,12.5,103,1016.2,22.7,124,SE
2022-07-24T15:20:10Z,12.5,103,1016.4,20.6,127,SE
2022-07-24T15:15:08Z,12.5,103,1016.6,21,127,SE
2022-07-24T15:10:10Z,12.5,103,1016.6,20,128,SE
2022-07-24T15:05:08Z,12.5,103,1016.7,19,125,SE
2022-07-24T15:00:10Z,12.5,103,1016.6,20.4,121,ESE
2022-07-24T14:55:08Z,12.5,103,1016.6,21,127,SE
2022-07-24T14:50:09Z,12.6,103,1016.7,19.2,133,SE
2022-07-24T14:45:08Z,12.6,103,1016.9,19.4,137,SE
2022-07-24T14:40:10Z,12.5,103,1016.9,18.7,133,SE
2022-07-24T14:35:08Z,12.5,103,1016.9,18.9,128,SE
2022-07-24T14:30:10Z,12.6,103,1016.8,18.1,132,SE
2022-07-24T14:25:08Z,12.6,103,1016.8,14.6,131,SE
2022-07-24T14:20:09Z,12.7,103,1016.7,13.6,127,SE
2022-07-24T14:15:08Z,12.7,103,1016.5,15.4,125,SE
2022-07-24T14:10:10Z,12.7,103,1016.5,16.3,121,ESE
2022-07-24T14:05:09Z,12.8,103,1016.5,15,115,ESE
2022-07-24T14:00:10Z,12.8,103,1016.4,16.3,114,ESE
2022-07-24T13:55:09Z,12.9,103,1016.5,13.8,110,ESE
2022-07-24T13:50:10Z,12.9,103,1016.6,12.8,111,ESE
2022-07-24T13:45:09Z,12.9,103,1016.6,12.4,115,ESE
2022-07-24T13:40:10Z,12.9,103,1016.6,13,117,ESE
2022-07-24T13:35:09Z,12.9,103,1016.5,13.8,111,ESE
2022-07-24T13:30:10Z,12.9,103,1016.3,15.4,115,ESE
2022-07-24T13:25:09Z,12.9,103,1016.3,13,119,ESE
2022-07-24T13:20:10Z,12.9,103,1016.4,12.1,120,ESE
2022-07-24T13:15:09Z,12.9,103,1016.4,11.9,118,ESE
2022-07-24T13:10:10Z,12.9,103,1016.4,11.7,113,ESE
2022-07-24T13:05:08Z,12.8,103,1016.3,12.1,111,ESE
2022-07-24T13:00:10Z,12.8,103,1016.3,13.4,111,ESE
2022-07-24T12:55:08Z,12.8,103,1016.2,13.4,115,ESE
2022-07-24T12:50:10Z,12.8,103,1016.2,14.6,113,ESE
2022-07-24T12:45:08Z,12.8,103,1016.3,12.8,121,ESE
2022-07-24T12:40:10Z,12.8,103,1016.2,14.2,117,ESE
2022-07-24T12:35:08Z,12.8,103,1016.2,15.2,115,ESE
2022-07-24T12:30:10Z,12.8,103,1016.1,14,109,ESE
2022-07-24T12:25:08Z,12.7,103,1016.1,15.6,111,ESE
2022-07-24T12:20:10Z,12.7,103,1016.1,15,110,ESE
2022-07-24T12:15:08Z,12.7,103,1016,14.4,105,ESE
2022-07-24T12:10:10Z,12.6,103,1015.9,14.8,103,ESE
2022-07-24T12:05:08Z,12.6,103,1015.8,15.4,110,ESE
2022-07-24T12:00:10Z,12.6,103,1015.7,14.8,110,ESE
2022-07-24T11:55:08Z,12.5,103,1015.7,15.2,111,ESE
2022-07-24T11:50:10Z,12.5,103,1015.6,15.7,113,ESE
2022-07-24T11:45:08Z,12.5,103,1015.6,16.1,114,ESE
2022-07-24T11:40:10Z,12.5,103,1015.6,15.7,114,ESE
2022-07-24T11:35:08Z,12.5,103,1015.6,14.8,114,ESE
2022-07-24T11:30:10Z,12.5,103,1015.6,14.4,115,ESE
2022-07-24T11:25:08Z,12.5,103,1015.5,15.4,114,ESE
2022-07-24T11:20:10Z,12.5,103,1015.3,13.6,108,ESE
2022-07-24T11:15:08Z,12.5,103,1015.2,13.8,109,ESE
2022-07-24T11:10:10Z,12.5,103,1015.1,13,109,ESE
2022-07-24T11:05:08Z,12.5,103,1015,12.2,106,ESE
2022-07-24T11:00:10Z,12.5,103,1014.9,13.2,104,ESE
2022-07-24T10:55:08Z,12.5,103,1014.8,12.8,106,ESE
2022-07-24T10:50:10Z,12.5,103,1014.7,13.4,104,ESE
2022-07-24T10:45:08Z,12.5,103,1014.6,13.4,97,E
2022-07-24T10:40:10Z,12.4,103,1014.5,13.6,96,E
2022-07-24T10:35:08Z,12.4,103,1014.4,13.6,100,E
2022-07-24T10:30:10Z,12.5,103,1014.3,14.4,96,E
2022-07-24T10:25:08Z,12.5,103,1014.2,14.2,90,E
2022-07-24T10:20:10Z,12.5,103,1014.2,14.8,90,E
2022-07-24T10:15:08Z,12.5,103,1014.2,15,91,E
2022-07-24T10:10:10Z,12.5,103,1014.1,15,90,E
2022-07-24T10:05:08Z,12.4,103,1013.9,14.8,91,E
2022-07-24T10:00:10Z,12.5,103,1013.8,15,91,E
2022-07-24T09:55:08Z,12.4,103,1013.8,15.7,90,E
2022-07-24T09:50:10Z,12.4,103,1013.7,14.6,86,E
2022-07-24T09:45:08Z,12.4,103,1013.7,15.7,93,E
2022-07-24T09:40:10Z,12.3,103,1013.6,15.2,98,E
2022-07-24T09:35:08Z,12.4,103,1013.5,13.6,98,E
2022-07-24T09:30:10Z,12.5,103,1013.5,14.2,95,E
2022-07-24T09:25:08Z,12.6,103,1013.5,13.4,94,E
2022-07-24T09:20:10Z,12.6,103,1013.5,13.8,90,E
2022-07-24T09:15:08Z,12.7,103,1013.4,13.8,91,E
2022-07-24T09:10:10Z,12.7,103,1013.4,13.4,88,E
2022-07-24T09:05:08Z,12.6,103,1013.3,13.4,88,E
2022-07-24T09:00:10Z,12.6,104,1013.4,13,88,E
2022-07-24T08:55:08Z,12.6,104,1013.4,13.2,85,E
2022-07-24T08:50:10Z,12.5,104,1013.4,13.6,85,E
2022-07-24T08:45:08Z,12.5,104,1013.5,11.9,93,E
2022-07-24T08:40:10Z,12.5,104,1013.5,11.1,97,E
2022-07-24T08:35:08Z,12.5,104,1013.5,10.7,94,E
2022-07-24T08:30:10Z,12.5,104,1013.5,10.9,92,E
2022-07-24T08:25:08Z,12.6,104,1013.5,12.4,95,E
2022-07-24T08:20:10Z,12.5,104,1013.6,10.5,93,E
2022-07-24T08:15:08Z,12.5,104,1013.7,9.1,89,E
2022-07-24T08:10:10Z,12.4,104,1013.8,9.1,98,E
2022-07-24T08:05:08Z,12.4,104,1013.7,9.1,95,E
2022-07-24T08:00:10Z,12.4,104,1013.7,9.7,100,E
2022-07-24T07:55:08Z,12.3,104,1013.8,8.9,113,ESE
2022-07-24T07:50:10Z,12.3,104,1013.8,9.1,113,ESE
2022-07-24T07:45:08Z,12.3,104,1013.7,8.6,104,ESE
2022-07-24T07:40:10Z,12.3,104,1013.7,9.9,109,ESE
2022-07-24T07:35:08Z,12.4,104,1013.7,10.1,103,ESE
2022-07-24T07:30:10Z,12.4,104,1013.7,10.9,88,E
2022-07-24T07:25:08Z,12.3,104,1013.8,9.9,87,E
2022-07-24T07:20:10Z,12.3,104,1013.9,9.3,93,E
2022-07-24T07:15:08Z,12.3,104,1014,9.7,96,E
2022-07-24T07:10:10Z,12.3,104,1013.9,10.1,98,E
2022-07-24T07:05:08Z,12.3,104,1013.9,9.7,96,E
2022-07-24T07:00:10Z,12.3,104,1014,10.3,91,E
2022-07-24T06:55:08Z,12.3,104,1014,9.9,97,E
2022-07-24T06:50:10Z,12.3,104,1014.1,8.4,106,ESE
2022-07-24T06:45:08Z,12.3,104,1014.1,8.4,106,ESE
2022-07-24T06:40:10Z,12.3,104,1014,10.3,98,E
2022-07-24T06:35:08Z,12.4,104,1013.9,10.5,97,E
2022-07-24T06:30:10Z,12.4,104,1014,10.3,97,E
2022-07-24T06:25:08Z,12.4,104,1014,10.7,94,E
2022-07-24T06:20:10Z,12.4,104,1014.1,11.3,96,E
2022-07-24T06:15:08Z,12.4,104,1014.2,8.7,104,ESE
2022-07-24T06:10:10Z,12.4,104,1014.2,9.3,111,ESE
2022-07-24T06:05:08Z,12.5,104,1014.3,8.6,102,ESE
2022-07-24T06:00:10Z,12.5,104,1014.3,8.7,111,ESE
2022-07-24T05:55:08Z,12.5,104,1014.3,8.9,118,ESE
2022-07-24T05:50:10Z,12.5,104,1014.3,8.7,112,ESE
2022-07-24T05:45:08Z,12.5,104,1014.4,9.3,112,ESE
2022-07-24T05:40:10Z,12.5,105,1014.5,8.7,124,SE
2022-07-24T05:35:08Z,12.5,105,1014.4,8.7,124,SE
2022-07-24T05:30:10Z,12.5,105,1014.2,9.9,109,ESE
2022-07-24T05:25:08Z,12.5,105,1014.2,8.9,105,ESE
2022-07-24T05:20:10Z,12.6,105,1014.3,8.4,105,ESE
2022-07-24T05:15:08Z,12.7,105,1014.3,9.9,99,E
2022-07-24T05:10:10Z,12.8,105,1014.2,9.7,101,E
2022-07-24T05:05:08Z,12.9,105,1014.2,9.9,98,E
2022-07-24T05:00:10Z,13,105,1014.2,9.5,94,E
2022-07-24T04:55:08Z,13.1,105,1014.1,9.9,93,E
2022-07-24T04:50:10Z,13.2,105,1014.1,9.3,91,E
2022-07-24T04:45:08Z,13.3,105,1014.1,8.7,92,E
2022-07-24T04:40:10Z,13.4,105,1014.2,8.7,84,E
2022-07-24T04:35:08Z,13.4,105,1014.2,8.2,84,E
2022-07-24T04:30:10Z,13.4,105,1014.3,8,79,E
2022-07-24T04:25:08Z,13.3,105,1014.2,8.9,83,E
2022-07-24T04:20:10Z,13.3,105,1014.3,9.1,85,E
2022-07-24T04:15:08Z,13.3,105,1014.3,8.9,90,E
2022-07-24T04:10:10Z,13.3,105,1014.3,8.4,84,E
2022-07-24T04:05:08Z,13.3,105,1014.3,8.7,92,E
2022-07-24T04:00:10Z,13.3,105,1014.3,8.9,98,E
2022-07-24T03:55:08Z,13.3,106,1014.4,8.4,91,E
2022-07-24T03:50:10Z,13.2,106,1014.4,8.7,85,E
2022-07-24T03:45:08Z,13.1,106,1014.4,9.1,90,E
2022-07-24T03:40:10Z,13.2,106,1014.3,9.5,100,E
2022-07-24T03:35:08Z,13.2,106,1014.3,9.7,96,E
2022-07-24T03:30:10Z,13.1,106,1014.3,9.3,92,E
2022-07-24T03:25:08Z,13,106,1014.4,8.7,96,E
2022-07-24T03:20:10Z,13,106,1014.4,7.8,99,E
2022-07-24T03:15:08Z,12.9,106,1014.4,8.6,98,E
2022-07-24T03:10:10Z,12.9,106,1014.4,7.2,104,ESE
2022-07-24T03:05:08Z,12.9,106,1014.5,6.4,89,E
2022-07-24T03:00:10Z,12.8,106,1014.4,7.2,114,ESE
2022-07-24T02:55:08Z,12.8,106,1014.4,6.4,112,ESE
2022-07-24T02:50:10Z,12.8,107,1014.4,9.3,127,SE
2022-07-24T02:45:08Z,12.7,107,1014.5,6.8,123,ESE
2022-07-24T02:40:11Z,12.6,107,1014.5,6,123,ESE
2022-07-24T02:35:09Z,12.6,107,1014.5,7.4,137,SE
2022-07-24T02:30:10Z,12.5,107,1014.4,7.4,141,SE
2022-07-24T02:25:09Z,12.5,107,1014.4,7.4,147,SSE
2022-07-24T02:20:10Z,12.5,107,1014.3,8.9,148,SSE
2022-07-24T02:15:09Z,12.5,107,1014.2,9.3,147,SSE
2022-07-24T02:10:10Z,12.5,107,1014.2,8.4,149,SSE
2022-07-24T02:05:09Z,12.5,107,1014.1,9.7,157,SSE
2022-07-24T02:00:10Z,12.5,107,1014,8,144,SE
2022-07-24T01:55:09Z,12.5,107,1013.9,8.4,139,SE
2022-07-24T01:50:10Z,12.4,107,1013.9,7.2,154,SSE
2022-07-24T01:45:08Z,12.3,107,1013.8,9.1,152,SSE
2022-07-24T01:40:10Z,12.1,107,1013.8,10.5,164,SSE
2022-07-24T01:35:08Z,12.1,107,1013.5,7.8,144,SE
2022-07-24T01:30:10Z,12.1,107,1013.3,4.5,100,E
2022-07-24T01:25:09Z,12.2,107,1013.3,4.5,112,ESE
2022-07-24T01:20:10Z,12.2,107,1013.3,4.1,106,ESE
2022-07-24T01:15:08Z,12.2,107,1013.2,4.5,92,E
2022-07-24T01:10:10Z,12.2,107,1013.2,4.7,84,E
2022-07-24T01:05:08Z,12.2,107,1013.2,4.9,96,E
2022-07-24T01:00:10Z,12.3,107,1013.2,4.9,109,ESE
2022-07-24T00:55:08Z,12.4,107,1013.2,4.7,123,ESE
2022-07-24T00:50:10Z,12.4,107,1013.2,5.8,143,SE
2022-07-24T00:45:08Z,12.5,107,1013.1,5.8,131,SE
2022-07-24T00:40:10Z,12.5,107,1013,5.2,114,ESE
2022-07-24T00:35:08Z,12.5,107,1013,5.8,117,ESE
2022-07-24T00:30:10Z,12.5,107,1012.9,5.1,117,ESE
2022-07-24T00:25:08Z,12.5,107,1012.8,5.1,115,ESE
2022-07-24T00:20:10Z,12.5,107,1012.7,5.8,136,SE
2022-07-24T00:15:08Z,12.6,107,1012.6,5.6,133,SE
2022-07-24T00:10:10Z,12.6,107,1012.6,6,127,SE
2022-07-24T00:05:08Z,12.5,107,1012.6,6,133,SE
2022-07-24T00:00:10Z,12.6,107,1012.4,5.2,106,ESE
2022-07-23T23:55:08Z,12.6,107,1012.4,6.4,102,ESE
2022-07-23T23:50:10Z,12.6,107,1012.4,6.4,109,ESE
2022-07-23T23:45:08Z,12.6,107,1012.4,5.8,109,ESE
2022-07-23T23:40:10Z,12.6,107,1012.4,5.6,96,E
2022-07-23T23:35:08Z,12.7,107,1012.4,5.6,104,ESE
2022-07-23T23:30:10Z,12.8,107,1012.5,5.6,107,ESE
2022-07-23T23:25:08Z,12.9,107,1012.5,5.1,105,ESE
2022-07-23T23:20:10Z,13,107,1012.4,5.2,105,ESE
2022-07-23T23:15:08Z,13.2,107,1012.4,5.8,100,E
2022-07-23T23:10:10Z,13.2,107,1012.5,5.6,129,SE
2022-07-23T23:05:08Z,13.3,107,1012.5,4.9,139,SE
2022-07-23T23:00:10Z,13.5,107,1012.4,4.3,108,ESE
2022-07-23T22:55:08Z,13.6,107,1012.3,4.1,98,E
2022-07-23T22:50:10Z,13.9,107,1012.2,5.6,84,E
2022-07-23T22:45:08Z,14.3,107,1012.2,6.8,84,E
2022-07-23T22:40:10Z,14.4,107,1012.1,6.6,87,E
2022-07-23T22:35:08Z,14.4,107,1012,5.2,88,E
2022-07-23T22:30:10Z,14.2,107,1011.9,4.1,87,E
2022-07-23T22:25:08Z,14.1,107,1011.9,3.9,91,E
2022-07-23T22:20:10Z,14,107,1011.8,5.1,81,E
2022-07-23T22:15:08Z,14,107,1011.8,5.6,59,ENE
2022-07-23T22:10:10Z,14.1,107,1011.8,5.8,55,NE
2022-07-23T22:05:08Z,14.1,107,1011.7,7,56,NE
2022-07-23T22:00:10Z,14.2,107,1011.8,6.4,58,ENE
2022-07-23T21:55:08Z,14.1,107,1011.9,6.6,61,ENE
2022-07-23T21:50:10Z,14,107,1012,5.4,58,ENE
2022-07-23T21:45:08Z,13.9,107,1012,5.2,72,ENE
2022-07-23T21:40:10Z,13.9,107,1012.1,4.7,79,E
2022-07-23T21:35:08Z,13.9,107,1012.1,4.9,85,E
2022-07-23T21:30:10Z,14,107,1012,5.1,85,E
2022-07-23T21:25:08Z,13.9,107,1012.1,4.7,83,E
2022-07-23T21:20:10Z,13.8,107,1012.1,4.9,87,E
2022-07-23T21:15:08Z,13.6,106,1012,5.2,93,E
2022-07-23T21:10:10Z,13.6,106,1012,4.9,97,E
2022-07-23T21:05:08Z,13.6,106,1012,5.6,100,E
2022-07-23T21:00:10Z,13.6,106,1012,4.5,105,ESE
2022-07-23T20:55:08Z,13.6,105,1011.9,3.7,105,ESE
2022-07-23T20:50:10Z,13.7,105,1011.9,3.7,104,ESE
2022-07-23T20:45:08Z,14,105,1011.9,4.5,134,SE
2022-07-23T20:40:10Z,13.9,104,1011.9,4.5,128,SE
2022-07-23T20:35:08Z,13.8,102,1011.9,4.5,109,ESE
2022-07-23T20:30:10Z,13.9,101,1012,5.1,123,ESE
2022-07-23T20:25:08Z,14,102,1012,5.1,127,SE
2022-07-23T20:20:10Z,14,99,1012,5.2,132,SE
2022-07-23T20:15:08Z,14.4,98,1012,4.9,133,SE
2022-07-23T20:10:10Z,14.7,98,1011.9,4.1,123,ESE
2022-07-23T20:05:08Z,14.9,97,1011.9,3.1,113,ESE
2022-07-23T20:00:10Z,14.9,100,1011.8,3.7,112,ESE
2022-07-23T19:55:08Z,14.6,100,1011.7,3.7,107,ESE
2022-07-23T19:50:10Z,14.4,99,1011.7,4.7,86,E
2022-07-23T19:45:08Z,14.3,95,1011.7,4.5,100,E
2022-07-23T19:40:10Z,14.6,94,1011.8,4.5,120,ESE
2022-07-23T19:35:08Z,14.5,94,1011.7,3.5,103,ESE
2022-07-23T19:30:10Z,14.6,92,1011.6,4.1,106,ESE
2022-07-23T19:25:08Z,14.5,94,1011.7,4.3,123,ESE
2022-07-23T19:20:10Z,14.4,94,1011.6,4.7,133,SE
2022-07-23T19:15:08Z,14.4,93,1011.6,4.3,121,ESE
2022-07-23T19:10:10Z,14.5,91,1011.7,5.2,129,SE
2022-07-23T19:05:08Z,15,88,1011.7,5.4,146,SE
2022-07-23T19:00:10Z,15.1,89,1011.6,4.9,137,SE
2022-07-23T18:55:08Z,14.9,88,1011.6,3.7,136,SE
2022-07-23T18:50:10Z,15.2,86,1011.7,5.2,159,SSE
2022-07-23T18:45:08Z,15.9,83,1011.6,4.7,159,SSE
2022-07-23T18:40:10Z,15.9,84,1011.5,3.9,141,SE
2022-07-23T18:35:08Z,15.2,88,1011.3,3.1,76,ENE
2022-07-23T18:30:10Z,15,89,1011.4,4.1,70,ENE
2022-07-23T18:25:08Z,14.4,92,1011.6,4.7,159,SSE
2022-07-23T18:20:10Z,14.3,93,1011.7,4.9,179,S
2022-07-23T18:15:08Z,14.5,90,1011.8,5.4,181,S
2022-07-23T18:10:10Z,14.6,90,1011.8,5.4,168,SSE
2022-07-23T18:05:08Z,14.7,90,1011.8,5.2,163,SSE
2022-07-23T18:00:10Z,15.2,90,1011.8,6.2,198,SSW
2022-07-23T17:55:08Z,14.9,93,1011.7,4.1,215,SW
2022-07-23T17:50:10Z,14.6,90,1011.7,4.1,194,SSW
2022-07-23T17:45:08Z,14.8,91,1011.8,3.9,213,SSW
2022-07-23T17:40:10Z,14.6,97,1011.9,5.4,225,SW
2022-07-23T17:35:08Z,14.7,93,1011.9,8.9,210,SSW
2022-07-23T17:30:10Z,16.2,84,1011.8,7.4,216,SW
2022-07-23T17:25:08Z,18.4,83,1011.7,8.9,275,W
2022-07-23T17:20:10Z,18,86,1011.6,7.8,251,WSW
2022-07-23T17:15:08Z,17.6,88,1011.6,9.7,215,SW
2022-07-23T17:10:10Z,16.9,90,1011.6,8.6,222,SW
2022-07-23T17:05:08Z,16.3,99,1011.7,7.6,268,W
2022-07-23T17:00:10Z,15.1,106,1011.7,7,238,WSW
2022-07-23T16:55:08Z,14.3,107,1011.8,3.7,47,NE
2022-07-23T16:50:10Z,14,107,1012.1,4.1,71,ENE
2022-07-23T16:45:08Z,13.7,107,1012.3,4.1,79,E
2022-07-23T16:40:10Z,13.4,107,1012.4,5.4,96,E
2022-07-23T16:35:08Z,13.2,107,1012.5,5.2,100,E
2022-07-23T16:30:10Z,13.1,107,1012.6,5.8,95,E
2022-07-23T16:25:08Z,13,107,1012.7,5.2,100,E
2022-07-23T16:20:10Z,13,107,1012.8,6.2,95,E
2022-07-23T16:15:08Z,13.1,107,1013,6,127,SE
2022-07-23T16:10:10Z,13.6,107,1013,6.2,142,SE
2022-07-23T16:05:08Z,13.8,107,1012.8,5.2,123,ESE
2022-07-23T16:00:10Z,13.5,107,1012.9,5.1,80,E
2022-07-23T15:55:08Z,13.1,107,1013.1,6.4,86,E
2022-07-23T15:50:10Z,13,107,1013.2,6.8,108,ESE
2022-07-23T15:45:08Z,13,107,1013.3,6.4,114,ESE
2022-07-23T15:40:09Z,12.9,107,1013.4,4.5,90,E
2022-07-23T15:35:08Z,12.7,107,1013.5,4.7,87,E
2022-07-23T15:30:10Z,12.6,107,1013.6,6.6,106,ESE
2022-07-23T15:25:08Z,12.7,107,1013.6,7,110,ESE
2022-07-23T15:20:10Z,12.6,107,1013.6,7.2,102,ESE
2022-07-23T15:15:08Z,12.6,107,1013.7,8.4,122,ESE
2022-07-23T15:10:10Z,12.7,107,1013.8,8,105,ESE
2022-07-23T15:05:09Z,12.7,107,1013.8,6.6,104,ESE
2022-07-23T15:00:10Z,12.6,107,1013.8,7.8,111,ESE
2022-07-23T14:55:09Z,12.7,107,1013.9,7.2,116,ESE
2022-07-23T14:50:10Z,12.7,107,1013.9,5.4,113,ESE
2022-07-23T14:45:09Z,12.6,107,1013.9,5.1,98,E
2022-07-23T14:40:10Z,12.6,107,1013.9,5.4,99,E
2022-07-23T14:35:09Z,12.5,107,1013.9,6,95,E
2022-07-23T14:30:10Z,12.5,107,1013.9,6.4,104,ESE
2022-07-23T14:25:09Z,12.7,107,1013.9,5.6,111,ESE
2022-07-23T14:20:10Z,13,107,1013.9,4.7,106,ESE
2022-07-23T14:15:09Z,13,107,1013.9,4.3,100,E
2022-07-23T14:10:10Z,12.9,107,1013.8,4.7,100,E
2022-07-23T14:05:09Z,12.8,107,1013.8,5.2,101,E
2022-07-23T14:00:10Z,12.8,107,1013.9,5.2,100,E
2022-07-23T13:55:08Z,12.7,107,1013.8,6,102,ESE
2022-07-23T13:50:10Z,12.6,107,1013.8,6.8,99,E
2022-07-23T13:45:08Z,12.6,107,1013.8,7.6,98,E
2022-07-23T13:40:10Z,12.6,107,1013.8,7.8,102,ESE
2022-07-23T13:35:08Z,12.7,107,1013.7,7.4,100,E
2022-07-23T13:30:10Z,12.6,107,1013.7,7.8,100,E
2022-07-23T13:25:08Z,12.5,107,1013.7,8.6,97,E
2022-07-23T13:20:10Z,12.5,107,1013.7,8.6,98,E
2022-07-23T13:15:08Z,12.5,107,1013.7,8.7,93,E
2022-07-23T13:10:10Z,12.5,107,1013.7,9.3,92,E
2022-07-23T13:05:08Z,12.5,107,1013.8,10.3,93,E
2022-07-23T13:00:10Z,12.4,107,1013.8,9.7,93,E
2022-07-23T12:55:08Z,12.4,107,1013.8,8.9,100,E
2022-07-23T12:50:10Z,12.5,107,1013.9,8,98,E
2022-07-23T12:45:08Z,12.5,107,1013.8,7.6,98,E
2022-07-23T12:40:10Z,12.5,107,1013.9,8,98,E
2022-07-23T12:35:08Z,12.5,106,1013.9,8.2,99,E
2022-07-23T12:30:10Z,12.5,106,1013.9,8.4,98,E
2022-07-23T12:25:08Z,12.5,106,1013.9,8.4,92,E
2022-07-23T12:20:10Z,12.5,106,1013.9,8.4,94,E
2022-07-23T12:15:08Z,12.5,106,1014,8.4,97,E
2022-07-23T12:10:10Z,12.5,106,1014,8.4,98,E
2022-07-23T12:05:08Z,12.5,106,1013.9,8.4,96,E
2022-07-23T12:00:10Z,12.5,106,1013.9,8.2,98,E
2022-07-23T11:55:08Z,12.4,106,1013.9,8.2,95,E
2022-07-23T11:50:10Z,12.4,106,1013.9,7.8,99,E
2022-07-23T11:45:08Z,12.5,106,1013.9,7.4,102,ESE
2022-07-23T11:40:10Z,12.5,106,1013.9,6.6,104,ESE
2022-07-23T11:35:08Z,12.6,106,1014,7.4,104,ESE
2022-07-23T11:30:10Z,12.8,106,1013.9,7.2,103,ESE
2022-07-23T11:25:08Z,12.8,106,1013.9,6,96,E
2022-07-23T11:20:10Z,12.8,106,1013.8,6.6,88,E
2022-07-23T11:15:08Z,12.8,106,1013.8,7,87,E
2022-07-23T11:10:10Z,12.8,106,1013.8,7.2,93,E
2022-07-23T11:05:08Z,12.8,106,1013.8,7,97,E
2022-07-23T11:00:10Z,12.9,106,1013.8,6.2,96,E
2022-07-23T10:55:08Z,12.9,106,1013.8,5.4,94,E
2022-07-23T10:50:10Z,12.9,106,1013.8,5.6,93,E
2022-07-23T10:45:08Z,12.9,106,1013.8,5.2,96,E
2022-07-23T10:40:10Z,12.9,106,1013.8,5.4,98,E
2022-07-23T10:35:08Z,12.9,105,1013.7,5.1,98,E
2022-07-23T10:30:10Z,12.9,105,1013.6,5.8,91,E
2022-07-23T10:25:08Z,12.8,105,1013.6,6.2,101,E
2022-07-23T10:20:10Z,12.9,105,1013.6,4.9,98,E
2022-07-23T10:15:08Z,12.8,105,1013.5,4.9,98,E
2022-07-23T10:10:10Z,12.8,105,1013.5,5.1,101,E
2022-07-23T10:05:08Z,12.7,105,1013.5,4.1,96,E
2022-07-23T10:00:10Z,12.7,105,1013.5,3.3,115,ESE
2022-07-23T09:55:08Z,12.8,105,1013.4,4.7,123,ESE
2022-07-23T09:50:10Z,12.9,105,1013.3,3.7,135,SE
2022-07-23T09:45:08Z,13,105,1013.2,4.9,130,SE
2022-07-23T09:40:10Z,13.1,105,1013.1,5.2,119,ESE
2022-07-23T09:35:08Z,13.3,105,1013.1,5.6,111,ESE
2022-07-23T09:30:10Z,13.5,105,1013,5.6,102,ESE
2022-07-23T09:25:08Z,13.6,105,1013,5.4,97,E
2022-07-23T09:20:10Z,13.7,105,1013,7,78,ENE
2022-07-23T09:15:08Z,13.7,105,1013,7.6,70,ENE
2022-07-23T09:10:10Z,13.6,105,1013,8.9,61,ENE
2022-07-23T09:05:08Z,13.6,105,1013,8.6,65,ENE
2022-07-23T09:00:10Z,13.6,105,1013,7,63,ENE
2022-07-23T08:55:08Z,13.6,104,1013,9.9,66,ENE
2022-07-23T08:50:10Z,13.6,104,1013,9.1,72,ENE
2022-07-23T08:45:08Z,13.6,104,1013.1,8.2,68,ENE
2022-07-23T08:40:10Z,13.6,104,1013.1,8.2,66,ENE
2022-07-23T08:35:08Z,13.5,104,1013.2,7.6,55,NE
2022-07-23T08:30:10Z,13.5,104,1013.2,9.7,52,NE
2022-07-23T08:25:08Z,13.5,105,1013.2,10.3,51,NE
2022-07-23T08:20:10Z,13.4,105,1013.3,11.5,56,NE
2022-07-23T08:15:08Z,13.4,105,1013.4,12.2,51,NE
2022-07-23T08:10:10Z,13.3,105,1013.4,12.6,56,NE
2022-07-23T08:05:08Z,13.2,105,1013.4,12.8,52,NE
2022-07-23T08:00:10Z,13.2,105,1013.5,10.1,54,NE
2022-07-23T07:55:08Z,13.1,104,1013.5,13.6,55,NE
2022-07-23T07:50:10Z,13.1,104,1013.6,10.9,49,NE
2022-07-23T07:45:08Z,13,104,1013.6,15.7,47,NE
2022-07-23T07:40:10Z,13,104,1013.7,17.5,48,NE
2022-07-23T07:35:08Z,13,103,1013.7,15.4,47,NE
2022-07-23T07:30:10Z,13,103,1013.7,16.9,52,NE
2022-07-23T07:25:08Z,12.9,103,1013.7,19.2,56,NE
2022-07-23T07:20:10Z,12.8,103,1013.7,15,52,NE
2022-07-23T07:15:08Z,12.6,103,1013.8,12.4,64,ENE
2022-07-23T07:10:10Z,12.6,103,1013.8,10.3,64,ENE
2022-07-23T07:05:08Z,12.5,102,1013.7,10.7,67,ENE
2022-07-23T07:00:10Z,12.4,102,1013.6,10.9,77,ENE
2022-07-23T06:55:08Z,12.3,101,1013.7,9.1,79,E
2022-07-23T06:50:10Z,12.4,101,1013.7,9.1,84,E
2022-07-23T06:45:08Z,12.4,101,1013.8,9.7,74,ENE
2022-07-23T06:40:10Z,12.4,101,1013.9,11.3,72,ENE
2022-07-23T06:35:08Z,12.3,100,1013.8,12.2,70,ENE
2022-07-23T06:30:10Z,12.3,100,1013.8,11.9,69,ENE
2022-07-23T06:25:08Z,12.2,99,1013.9,12.2,73,ENE
2022-07-23T06:20:10Z,12.2,99,1014,12.4,78,ENE
2022-07-23T06:15:08Z,12.2,100,1014,11.1,68,ENE
2022-07-23T06:10:10Z,12,99,1014,11.9,68,ENE
2022-07-23T06:05:08Z,12,99,1014.1,10.7,73,ENE
2022-07-23T06:00:10Z,12.1,98,1014.2,10.1,76,ENE
2022-07-23T05:55:08Z,12.3,98,1014.2,9.9,72,ENE
2022-07-23T05:50:10Z,12.4,99,1014.2,8.7,62,ENE
2022-07-23T05:45:08Z,12.3,99,1014.3,12.8,61,ENE
2022-07-23T05:40:10Z,12.3,99,1014.4,10.3,54,NE
2022-07-23T05:35:08Z,12.2,100,1014.5,10.5,53,NE
2022-07-23T05:30:10Z,12.1,100,1014.5,9.7,56,NE
2022-07-23T05:25:08Z,12.1,100,1014.6,9.5,49,NE
2022-07-23T05:20:10Z,12.1,101,1014.7,8.7,58,ENE
2022-07-23T05:15:08Z,12,102,1014.8,7.8,56,NE
2022-07-23T05:10:10Z,11.9,102,1014.8,8.4,61,ENE
2022-07-23T05:05:08Z,11.9,103,1014.9,8.4,68,ENE
2022-07-23T05:00:10Z,11.8,104,1015,8.4,71,ENE
2022-07-23T04:55:08Z,11.6,104,1015.2,9.9,67,ENE
2022-07-23T04:50:10Z,11.4,104,1015.3,8.9,72,ENE
2022-07-23T04:45:08Z,11.4,104,1015.4,9.7,69,ENE
2022-07-23T04:40:10Z,11.3,104,1015.5,9.1,68,ENE
2022-07-23T04:35:08Z,11.2,104,1015.5,8.4,66,ENE
2022-07-23T04:30:10Z,11.3,104,1015.6,7.2,58,ENE
2022-07-23T04:25:08Z,11.3,104,1015.6,9.7,53,NE
2022-07-23T04:20:10Z,11.3,104,1015.6,10.5,51,NE
2022-07-23T04:15:08Z,11.2,103,1015.6,14.2,49,NE
2022-07-23T04:10:10Z,11.1,102,1015.7,11.9,52,NE
2022-07-23T04:05:08Z,11.1,101,1015.7,9.7,53,NE
2022-07-23T04:00:10Z,11.1,100,1015.6,11.7,58,ENE
2022-07-23T03:55:08Z,11.2,97,1015.7,12.1,57,ENE
2022-07-23T03:50:09Z,11.3,95,1015.7,14.6,63,ENE
2022-07-23T03:45:08Z,11.4,95,1015.8,13,71,ENE
2022-07-23T03:40:10Z,11.3,97,1015.7,10.9,69,ENE
2022-07-23T03:35:09Z,11.3,100,1015.8,9.7,66,ENE
2022-07-23T03:30:10Z,11.3,101,1015.8,10.3,63,ENE
2022-07-23T03:25:09Z,11.3,102,1015.9,10.7,70,ENE
2022-07-23T03:20:10Z,11.2,102,1016,10.3,75,ENE
2022-07-23T03:15:09Z,11.3,101,1016,8.9,79,E
2022-07-23T03:10:10Z,11.3,101,1015.9,9.7,80,E
2022-07-23T03:05:09Z,11.4,101,1015.9,9.1,86,E
2022-07-23T03:00:10Z,11.4,101,1015.9,10.3,88,E
2022-07-23T02:55:09Z,11.5,101,1015.9,10.7,89,E
2022-07-23T02:50:10Z,11.5,102,1015.9,10.3,92,E
2022-07-23T02:45:09Z,11.5,102,1015.8,11.5,88,E
2022-07-23T02:40:10Z,11.5,102,1015.8,11.5,91,E
2022-07-23T02:35:08Z,11.6,101,1015.8,12.1,94,E
2022-07-23T02:30:10Z,11.6,101,1015.9,12.4,94,E
2022-07-23T02:25:08Z,11.6,101,1015.8,12.6,97,E
2022-07-23T02:20:10Z,11.6,101,1015.8,13,96,E
2022-07-23T02:15:08Z,11.6,100,1015.9,12.6,97,E
2022-07-23T02:10:10Z,11.7,99,1015.9,12.6,96,E
2022-07-23T02:05:08Z,11.7,99,1015.9,13.6,99,E
2022-07-23T02:00:10Z,11.7,100,1015.9,12.2,105,ESE
2022-07-23T01:55:08Z,11.7,100,1015.9,11.7,107,ESE
2022-07-23T01:50:10Z,11.7,100,1015.9,12.1,108,ESE
2022-07-23T01:45:08Z,11.7,100,1015.9,11.3,110,ESE
2022-07-23T01:40:10Z,11.7,100,1016,10.5,112,ESE
2022-07-23T01:35:08Z,11.7,100,1015.9,10.7,112,ESE
2022-07-23T01:30:10Z,11.7,100,1015.9,10.5,112,ESE
2022-07-23T01:25:08Z,11.7,100,1015.8,10.7,112,ESE
2022-07-23T01:20:10Z,11.7,100,1015.7,10.3,111,ESE
2022-07-23T01:15:08Z,11.7,100,1015.7,10.9,110,ESE
2022-07-23T01:10:10Z,11.7,100,1015.6,10.9,109,ESE
2022-07-23T01:05:08Z,11.7,100,1015.6,10.9,105,ESE
2022-07-23T01:00:10Z,11.7,100,1015.5,11.5,102,ESE
2022-07-23T00:55:08Z,11.6,101,1015.6,11.9,106,ESE
2022-07-23T00:50:10Z,11.6,101,1015.5,11.1,111,ESE
2022-07-23T00:45:08Z,11.6,101,1015.5,11.7,108,ESE
2022-07-23T00:40:10Z,11.6,101,1015.5,11.3,104,ESE
2022-07-23T00:35:08Z,11.4,101,1015.5,11.3,103,ESE
2022-07-23T00:30:10Z,11.3,100,1015.4,10.5,97,E
2022-07-23T00:25:08Z,11.2,100,1015.3,11.1,92,E
2022-07-23T00:20:10Z,11.2,100,1015.2,11.7,89,E
2022-07-23T00:15:08Z,11.1,99,1015.2,10.7,89,E
2022-07-23T00:10:10Z,11.2,98,1015.1,10.5,86,E
2022-07-23T00:05:08Z,11.2,98,1015.1,12.2,84,E
2022-07-23T00:00:10Z,11.2,97,1015.2,11.9,86,E
2022-07-22T23:55:08Z,11.3,97,1015.2,11.5,86,E
2022-07-22T23:50:10Z,11.3,96,1015.1,11.9,81,E
2022-07-22T23:45:08Z,11.3,96,1015.1,13,77,ENE
2022-07-22T23:40:10Z,11.3,96,1015.1,11.5,76,ENE
2022-07-22T23:35:08Z,11.4,96,1015.1,11.9,80,E
2022-07-22T23:30:10Z,11.5,96,1015.1,12.8,77,ENE
